mot_cle,niche,origine,creux_sur_pic,saisonnalite,ratio_12m,tendance,q4_uplift,mois_pic,g3_g4
selle cheval,Selles d'équitation,DSL A+ 2026,0.68,aucune,0.92,stable,1.05,11,OK
carport,Carports,DSL A+ 2026,0.51,moderee,1.18,hausse,0.84,8,OK
lit électrique,Lits électriques / relevables,DSL A+ 2026,0.71,aucune,1.14,stable,1.08,1,OK
canapé,Mobilier de salon,DSL A+ 2026,0.59,moderee,0.92,stable,1.13,11,OK
chariot de bar,Dessertes de bar,DSL A+ 2026,,,,,,,VOLUME TROP FAIBLE
appareil de musculation,Home gym,DSL A+ 2026,0.46,moderee,1.28,hausse,0.99,1,OK
machine cnc,Machines CNC,DSL A+ 2026,0.25,forte,1.49,hausse,1.23,2,ÉLIMINÉ
hydroponie,Systèmes hydroponiques,DSL A+ 2026,0.5,moderee,0.9,stable,0.78,4,OK
fauteuil cinéma,Sièges home cinéma,DSL A+ 2026,,,,,,,VOLUME TROP FAIBLE
four céramique,Fours de potier,DSL A+ 2026,0.48,moderee,1.07,stable,1.2,12,OK
sauna,Saunas,DSL (2-7 k$),0.63,aucune,1.07,stable,1.1,12,OK
bain froid,Bains froids / ice bath,DSL 2024,0.71,aucune,0.92,stable,0.99,6,OK
four à pizza,Fours à pizza,DSL 2023,0.48,moderee,1.04,stable,0.83,6,OK
télescope,Télescopes,DSL 2023,0.58,moderee,1.11,stable,1.14,8,OK
urne funéraire,Urnes / mémorial,MWQHJ boring niches,0.67,aucune,1.03,stable,1.06,10,OK
fauteuil releveur,Fauteuils releveurs (seniors),MWQHJ boring niches,0.69,aucune,1.07,stable,1.08,1,OK
